<?xml version="1.0" encoding="utf-8"?>
<extension version="3.0" type="plugin" group="system" method="upgrade">
	<name>Send Custom Header</name>
	<author>B Tasker</author>
	<creationDate>August 2013</creationDate>
	<copyright>Copyright (C) 2013 - B Tasker</copyright>
	<license>GNU General Public License version 2 or later; see LICENSE.txt</license>
	<authorEmail>custlibrary@bentasker.co.uk</authorEmail>
	<authorUrl>www.bentasker.co.uk</authorUrl>
	<version>1.0.1</version>
	<description>Plugin to allow sending of a custom HTTP header if certain conditions are met</description>
	<files>
		<filename plugin="send_custom_header">send_custom_header.php</filename>
	</files>
	
	<config>
	  <fields name="params">
		<fieldset name="basic">
	  
		
		 
		  <field name="headerName" type="textarea" label="Headers" description="Comma Seperated Key value pairs for headers to send" default="X-DONT-CACHE-ME=no-cache" />
		  <!--<field name="headerContent" type="text" label="Header Content" default="True" />-->
		  <field name="cookieVals" type="textarea" label="Cookies" description="Comma Seperated Key value pairs for cookies to set" default="JNoCache=True" />

		  <field name="debugMode" type="list" label="Debug Mode" description="When enabled adds headers so you can see how the rules have been applied" >
		    <option value="0">Off</option>
		    <option value="1">On</option>
		  </field>
		  
		</fieldset>
		
		<fieldset name="rules" label="Rules">
		
		  <field name="runonSSL" type="list" label="SSL Connections" default="2" description="How should SSL Connections be handled?">
		  
		    <option value="0">Never Run</option>
		    <option value="1">Always Run</option>
		    <option value="2">Obey Rules</option>
		  
		  </field>
		
		  <field name="runonAdmin" type="list" label="Run on" default="2" description="Can be overriden in Inclusion settings">
		    <option value="0">Front-End Only</option>
		    <option value="1">Back-End Only</option>
		    <option value="2">Front and Back-End</option>
		  </field>		
		
		  <field name="sendWhen" type="list" label="Send When" default="1" description="Can be overriden in Inclusion settings">
		    <option value="1">User Logged In</option>
		    <option value="0">User Not Logged In</option>
		  </field>
		
		</fieldset>
		
		
		<fieldset name="InclusionExclusion" label="Inclusion/Exclusion Settings">
		  <field type="textarea" name="alwaysRun" label="Always run on" description="Always trigger in these components - Comma Seperated Component Names" default="com_users" />
		  <field type="textarea" name="neverRun" label="Never run on" description="Never trigger in these components - Comma Seperated Component Names" default="" />
		  <field type="textarea" name="alwaysURL" label="Always on URLs" description="Always run on these (relative) URLs - Comma Seperated" default="/administrator/,/administrator,/administrator/index.php" />
		  <field type="textarea" name="neverURL" label="Never on URLs" description="Never run on these (relative) URLs - Comma Seperated" default="" />
		</fieldset>
		
	  </fields>
	</config>

	
</extension>
